date,code,open,high,low,close,preclose,volume,amount,pctChg,label,UpOrDown
2017-02-28,sh.600996,17.4400,17.7900,17.3900,17.6300,17.5100,16792016,294861680.0000,0.685317,LH,Up
2017-03-01,sh.600996,17.5800,17.8700,17.3400,17.3900,17.6300,20717767,364501840.0000,-1.361315,LL,Down
2017-03-02,sh.600996,17.3500,18.1600,17.3200,17.8600,17.3900,34260460,608762048.0000,2.702710,LH,Up
2017-03-03,sh.600996,17.7700,17.7700,17.4100,17.4900,17.8600,17817347,312163584.0000,-2.071673,LL,Down
2017-03-06,sh.600996,17.4000,17.6700,17.3700,17.6000,17.4900,15155007,265742130.0000,0.628934,LH,Up
2017-03-07,sh.600996,17.5900,18.1900,17.5200,18.1600,17.6000,34347650,618262176.0000,3.181815,LH,Up
2017-03-08,sh.600996,18.1600,18.6900,17.8600,18.6600,18.1600,39042062,714146144.0000,2.753304,SH,Up
2017-03-09,sh.600996,18.4000,18.9500,18.0700,18.1100,18.6600,35692335,660047248.0000,-2.947477,LL,Down
2017-03-10,sh.600996,18.0500,18.3900,17.8500,17.8900,18.1100,22114888,399263184.0000,-1.214805,LL,Down
2017-03-13,sh.600996,17.8800,17.8800,17.1800,17.7700,17.8900,19086043,335298624.0000,-0.670760,LL,Down
2017-03-14,sh.600996,17.7800,18.2800,17.7100,18.0300,17.7700,21798182,393491408.0000,1.463141,HH,Up
2017-03-15,sh.600996,17.8800,17.9800,17.5800,17.7000,18.0300,16341936,289882880.0000,-1.830282,LL,Down
2017-03-16,sh.600996,17.7800,18.6500,17.7800,18.3400,17.7000,34293116,628112256.0000,3.615816,HH,Up
2017-03-17,sh.600996,18.4200,19.1300,18.2100,18.2400,18.3400,47346069,885307136.0000,-0.545258,HL,Down
2017-03-20,sh.600996,18.0000,18.4900,17.8300,18.4700,18.2400,23241944,422346256.0000,1.260962,LH,Up
2017-03-21,sh.600996,18.3800,18.6800,18.2600,18.6200,18.4700,22334622,413040352.0000,0.812136,LH,Up
2017-03-22,sh.600996,18.4700,18.5900,18.1600,18.4500,18.6200,21404738,393673456.0000,-0.912997,LL,Down
2017-03-23,sh.600996,18.4900,18.8800,18.2100,18.6900,18.4500,34458180,639830064.0000,1.300812,HH,Up
2017-03-24,sh.600996,18.5300,18.6700,18.3200,18.4600,18.6900,19190800,354555408.0000,-1.230612,LL,Down
2017-03-27,sh.600996,18.6600,18.7400,18.1800,18.2300,18.4600,16326633,299759632.0000,-1.245935,HL,Down
2017-03-28,sh.600996,18.2100,18.2200,17.2600,17.2900,18.2300,24715572,438288448.0000,-5.156328,LL,Down
2017-03-29,sh.600996,17.3600,17.4000,16.3000,16.5200,17.2900,21105735,354571664.0000,-4.453444,HL,Down
2017-03-30,sh.600996,16.4000,16.5400,16.1200,16.3400,16.5200,14344173,233818995.0000,-1.089590,LL,Down
2017-03-31,sh.600996,16.3500,16.6100,16.2500,16.4100,16.3400,9766180,160514583.0000,0.428395,HH,Up
2017-04-05,sh.600996,16.3300,16.7000,16.3300,16.6700,16.4100,9012452,149058527.0000,1.584401,LH,Up
2017-04-06,sh.600996,16.7100,16.7800,16.5500,16.5800,16.6700,9556581,159105774.0000,-0.539893,HL,Down
2017-04-07,sh.600996,16.5800,16.5800,16.2100,16.2300,16.5800,11452694,187117688.0000,-2.110979,SL,Down
2017-04-10,sh.600996,16.2100,16.2100,15.3500,15.4700,16.2300,16098648,251337613.0000,-4.682682,LL,Down
2017-04-11,sh.600996,15.5000,15.7500,15.3300,15.7400,15.4700,10056859,156616024.0000,1.745310,HH,Up
2017-04-12,sh.600996,15.7200,15.7200,15.4000,15.4400,15.7400,7312128,113559509.0000,-1.905973,LL,Down
2017-04-13,sh.600996,15.4100,15.6300,15.3700,15.4800,15.4400,4737389,73394282.0000,0.259067,LH,Up
2017-04-14,sh.600996,15.4200,15.4700,15.0500,15.1100,15.4800,6952183,105627763.0000,-2.390180,LL,Down
2017-04-17,sh.600996,14.8300,14.9300,14.5500,14.8900,15.1100,7106366,105076477.0000,-1.455985,LH,Down
2017-04-18,sh.600996,14.9100,15.1300,14.8200,14.8300,14.8900,5010054,75078577.0000,-0.402958,HL,Down
2017-04-19,sh.600996,14.8200,15.1900,14.6300,15.1800,14.8300,7687123,115084024.0000,2.360084,LH,Up
2017-04-20,sh.600996,15.1600,15.3200,14.9000,15.0800,15.1800,5324985,80431058.0000,-0.658764,LL,Down
2017-04-21,sh.600996,15.0800,15.1600,14.9400,15.0300,15.0800,3311104,49864635.0000,-0.331566,SL,Down
2017-04-24,sh.600996,15.0300,15.0600,14.5200,14.5400,15.0300,4884280,71584093.0000,-3.260145,SL,Down
2017-04-25,sh.600996,14.5800,14.7600,14.5500,14.5900,14.5400,3534881,51849808.0000,0.343880,HH,Up
2017-04-26,sh.600996,14.6400,14.8700,14.5600,14.7100,14.5900,3896356,57262869.0000,0.822480,HH,Up
2017-04-27,sh.600996,14.6600,15.0000,14.2600,14.9700,14.7100,8263038,121292767.0000,1.767507,LH,Up
2017-04-28,sh.600996,14.7900,14.8800,14.7300,14.8100,14.9700,6081932,90134304.0000,-1.068803,LH,Down
2017-05-02,sh.600996,14.8100,14.8100,14.3200,14.3600,14.8100,8280620,119796025.0000,-3.038493,SL,Down
2017-05-03,sh.600996,14.3700,14.4600,13.9800,14.1500,14.3600,8808318,124677121.0000,-1.462396,HL,Down
2017-05-04,sh.600996,14.1200,14.1200,13.8200,13.8700,14.1500,6646193,92575438.0000,-1.978797,LL,Down
2017-05-05,sh.600996,13.8200,13.8200,13.3100,13.3400,13.8700,7989700,108208267.0000,-3.821195,LL,Down
2017-05-08,sh.600996,13.2900,13.7700,13.1800,13.3100,13.3400,6814675,91979767.0000,-0.224886,LH,Down
2017-05-09,sh.600996,13.3500,13.6100,13.3500,13.5600,13.3100,4977404,67277093.0000,1.878287,HH,Up
2017-05-10,sh.600996,13.6300,13.6500,13.1800,13.1900,13.5600,5203622,69929397.0000,-2.728620,HL,Down
2017-05-11,sh.600996,13.1200,13.2500,12.7400,13.1600,13.1900,6010716,78327930.0000,-0.227443,LH,Down
2017-05-12,sh.600996,13.1200,13.2200,13.0600,13.1600,13.1600,4023419,52867248.0000,0.000000,LH,Smooth
2017-05-15,sh.600996,13.1900,13.4000,13.1500,13.1700,13.1600,3416111,45321559.0000,0.075990,HL,Up
2017-05-16,sh.600996,13.1000,13.3500,12.7500,13.3400,13.1700,7805730,101631036.0000,1.290813,LH,Up
2017-05-17,sh.600996,13.3200,13.4600,13.2700,13.3700,13.3400,6721298,89917206.0000,0.224886,LH,Up
2017-05-18,sh.600996,13.2600,13.3900,13.1100,13.1700,13.3700,4471000,59222427.0000,-1.495885,LL,Down
2017-05-19,sh.600996,13.1700,13.2300,13.0200,13.0600,13.1700,3996542,52422203.0000,-0.835229,SL,Down
2017-05-22,sh.600996,13.1000,13.1200,12.5000,12.5100,13.0600,5171908,66299309.0000,-4.211334,HL,Down
2017-05-23,sh.600996,12.5100,12.5500,11.7300,11.7600,12.5100,7783111,94010251.0000,-5.995203,SL,Down
2017-05-24,sh.600996,11.8400,11.9700,11.5100,11.8800,11.7600,4427235,52178500.0000,1.020407,HH,Up
2017-05-25,sh.600996,11.8000,12.0700,11.6100,12.0000,11.8800,5593755,66452623.0000,1.010100,LH,Up
2017-05-26,sh.600996,11.9600,12.1900,11.9000,12.0200,12.0000,4634276,55693157.0000,0.166670,LH,Up
2017-05-31,sh.600996,12.2900,12.4700,12.0300,12.0900,12.0200,6909700,84950171.0000,0.582360,HL,Up
2017-06-01,sh.600996,11.9000,11.9800,11.5800,11.5900,12.0900,5422911,63892145.0000,-4.135649,LL,Down
2017-06-02,sh.600996,11.6300,12.0400,11.5300,12.0200,11.5900,5891448,69721306.0000,3.710098,HH,Up
2017-06-05,sh.600996,12.1000,12.2700,12.0700,12.1700,12.0200,5385600,65517622.0000,1.247917,HH,Up
2017-06-06,sh.600996,12.1000,12.2300,12.0000,12.2200,12.1700,3770376,45827608.0000,0.410848,LH,Up
2017-06-07,sh.600996,12.2000,12.4800,12.1700,12.4200,12.2200,7633400,94399221.0000,1.636660,LH,Up
2017-06-08,sh.600996,12.4500,12.4500,12.2000,12.2200,12.4200,6033111,74190487.0000,-1.610304,HL,Down
2017-06-09,sh.600996,12.2300,12.3300,12.1300,12.3000,12.2200,4313897,52752589.0000,0.654664,HH,Up
2017-06-12,sh.600996,12.2000,12.2000,11.8800,11.9100,12.3000,4145365,49949794.0000,-3.170734,LL,Down
2017-06-13,sh.600996,11.9500,12.2200,11.8800,12.2000,11.9100,4212962,51127799.0000,2.434928,HH,Up
2017-06-14,sh.600996,12.2100,12.2500,12.1300,12.1600,12.2000,3421020,41711145.0000,-0.327869,HL,Down
2017-06-15,sh.600996,12.2200,12.5400,12.1400,12.4700,12.1600,7366087,91383632.0000,2.549345,HH,Up
2017-06-16,sh.600996,12.4600,12.4700,12.2800,12.3500,12.4700,4403725,54410883.0000,-0.962309,LL,Down
2017-06-19,sh.600996,12.3900,12.4300,12.3100,12.3900,12.3500,3048715,37721180.0000,0.323886,HS,Up
2017-06-20,sh.600996,12.4300,12.4500,12.3400,12.3600,12.3900,3508828,43463129.0000,-0.242136,HL,Down
2017-06-21,sh.600996,12.4000,12.4000,12.1700,12.2700,12.3600,3392960,41655357.0000,-0.728149,HL,Down
2017-06-22,sh.600996,12.2900,12.3000,12.0500,12.0700,12.2700,4042286,49436682.0000,-1.629998,HL,Down
2017-06-23,sh.600996,12.0900,12.1400,11.8000,12.0000,12.0700,3847870,45996445.0000,-0.579948,HL,Down
2017-06-26,sh.600996,11.9900,12.1100,11.9100,12.1100,12.0000,2842286,34173789.0000,0.916664,LH,Up
2017-06-27,sh.600996,12.0900,12.1800,12.0500,12.1500,12.1100,2967360,36020918.0000,0.330305,LH,Up
2017-06-28,sh.600996,12.0000,12.0200,11.8300,11.8600,12.0400,2775690,33049155.0000,-1.495019,LL,Down
2017-06-29,sh.600996,11.8900,12.0000,11.8600,11.9400,11.8600,2224687,26545650.0000,0.674536,HH,Up
2017-06-30,sh.600996,11.8600,12.0400,11.8200,11.9700,11.9400,3134978,37416301.0000,0.251262,LH,Up
2017-07-03,sh.600996,11.9900,12.0900,11.9300,12.0700,11.9700,2979397,35807309.0000,0.835417,HH,Up
2017-07-04,sh.600996,12.0800,12.1100,11.9700,12.0200,12.0700,2850900,34258342.0000,-0.414244,HL,Down
2017-07-05,sh.600996,12.0300,12.3700,12.0200,12.3600,12.0200,9639749,118327274.0000,2.828612,HH,Up
2017-07-06,sh.600996,12.3500,12.3500,12.1200,12.2400,12.3600,5684002,69514805.0000,-0.970873,LL,Down
2017-07-07,sh.600996,12.2000,12.3400,12.1900,12.3100,12.2400,4980245,61182170.0000,0.571901,LH,Up
2017-07-10,sh.600996,12.3100,12.3100,12.1000,12.1000,12.3100,4507976,54903834.0000,-1.705930,SL,Down
2017-07-11,sh.600996,12.1600,12.1600,11.9500,11.9700,12.1000,4172899,50328833.0000,-1.074381,HL,Down
2017-07-12,sh.600996,11.9500,12.0200,11.6600,11.8700,11.9700,4451495,52628463.0000,-0.835425,LL,Down
2017-07-13,sh.600996,11.8100,11.8800,11.7400,11.7800,11.8700,3169400,37422785.0000,-0.758215,LL,Down
2017-07-14,sh.600996,11.7800,11.8400,11.6400,11.6900,11.7800,3644026,42674688.0000,-0.764008,SL,Down
2017-07-17,sh.600996,11.6900,11.6900,10.8300,10.8400,11.6900,7039217,77638825.0000,-7.271168,SL,Down
2017-07-18,sh.600996,10.8000,10.9300,10.5900,10.8900,10.8400,3579155,38654125.0000,0.461256,LH,Up
2017-07-19,sh.600996,10.8900,11.1000,10.7500,11.0600,10.8900,3896653,42631445.0000,1.561066,SH,Up
2017-07-20,sh.600996,11.0500,11.1600,10.9100,10.9600,11.0600,3300240,36453597.0000,-0.904162,LL,Down
2017-07-21,sh.600996,10.9100,10.9900,10.8700,10.8900,10.9600,2793871,30499120.0000,-0.638683,LL,Down
2017-07-24,sh.600996,10.8500,11.0600,10.7800,11.0200,10.8900,3087584,33683503.0000,1.193757,LH,Up
2017-07-25,sh.600996,11.0200,11.0500,10.8700,10.9300,11.0200,2698300,29538913.0000,-0.816698,SL,Down
2017-07-26,sh.600996,10.9300,10.9700,10.8600,10.8800,10.9300,2473633,26932929.0000,-0.457458,SL,Down
2017-07-27,sh.600996,10.8900,11.2900,10.8400,11.2200,10.8800,6884787,76552325.0000,3.125001,HH,Up
2017-07-28,sh.600996,11.2400,11.3800,11.1300,11.1500,11.2200,3685700,41390198.0000,-0.623892,HL,Down
2017-07-31,sh.600996,11.1500,11.1800,11.0200,11.1100,11.1500,3161703,35079323.0000,-0.358744,SL,Down
2017-08-01,sh.600996,11.0000,11.1600,11.0000,11.1400,11.1100,2985114,33079922.0000,0.270033,LH,Up
2017-08-02,sh.600996,11.1300,11.1300,10.9400,10.9500,11.1400,3167300,34943822.0000,-1.705570,LL,Down
2017-08-03,sh.600996,10.9200,11.1500,10.9200,11.0900,10.9500,3550738,39258323.0000,1.278542,LH,Up
2017-08-04,sh.600996,11.1000,11.1200,10.9700,10.9800,11.0900,2924804,32291251.0000,-0.991890,HL,Down
2017-08-07,sh.600996,10.9100,11.0800,10.9100,11.0200,10.9800,1981293,21836789.0000,0.364307,LH,Up
2017-08-10,sh.600996,11.5000,12.1200,11.3600,12.1200,11.0200,22145297,265259018.0000,9.981845,HH,Up
2017-08-11,sh.600996,12.2700,12.8300,12.1500,12.4700,12.1200,36096398,449956768.0000,2.887792,HH,Up
2017-08-14,sh.600996,12.6000,12.6000,12.0300,12.3500,12.4700,17546777,214699320.0000,-0.962309,HL,Down
2017-08-15,sh.600996,12.4800,12.4800,12.1100,12.2700,12.3500,11822366,144547687.0000,-0.647773,HL,Down
2017-08-16,sh.600996,12.3200,13.1500,12.0600,12.9300,12.2700,22951957,288765776.0000,5.378972,HH,Up
2017-08-17,sh.600996,13.5000,13.5700,12.5900,12.9000,12.9300,17530167,226199151.0000,-0.232024,HL,Down
2017-08-18,sh.600996,12.6000,12.6300,12.1000,12.2400,12.9000,17749427,219098028.0000,-5.116278,LL,Down
2017-08-21,sh.600996,12.3200,12.3200,12.1000,12.1700,12.2400,10926413,133332976.0000,-0.571893,HL,Down
2017-08-22,sh.600996,12.1500,12.2000,12.0300,12.1300,12.1700,6000500,72755771.0000,-0.328677,LL,Down
2017-08-23,sh.600996,12.1400,12.1800,11.9200,11.9400,12.1300,6047790,72747234.0000,-1.566369,HL,Down
2017-08-24,sh.600996,12.0500,12.3200,12.0100,12.1800,11.9400,11267209,137482436.0000,2.010056,HH,Up
2017-08-25,sh.600996,12.2500,12.2700,12.1300,12.1900,12.1800,7220050,88155830.0000,0.082096,HL,Up
2017-08-28,sh.600996,12.2700,12.6500,12.1900,12.5400,12.1900,12690335,157863100.0000,2.871209,HH,Up
2017-08-29,sh.600996,12.5000,12.6500,12.4300,12.5900,12.5400,11347814,142380557.0000,0.398726,LH,Up
2017-08-30,sh.600996,12.5100,12.6300,12.3700,12.3900,12.5900,7738962,96406702.0000,-1.588561,LL,Down
2017-08-31,sh.600996,12.3900,12.5700,12.3600,12.5400,12.3900,6975790,87051233.0000,1.210651,SH,Up
2017-09-01,sh.600996,12.5400,12.5600,12.3500,12.4200,12.5400,6654200,82598360.0000,-0.956937,SL,Down
2017-09-04,sh.600996,12.4100,12.4800,12.3500,12.3700,12.4200,5040147,62555227.0000,-0.402578,LL,Down
2017-09-05,sh.600996,12.4000,12.4300,12.1700,12.1700,12.3700,7742344,95182395.0000,-1.616813,HL,Down
2017-09-06,sh.600996,12.2200,12.3700,12.1400,12.3000,12.1700,5845464,71612337.0000,1.068201,HH,Up
2017-09-07,sh.600996,12.2500,12.5600,12.2300,12.4200,12.3000,9807119,122216893.0000,0.975609,LH,Up
2017-09-08,sh.600996,12.4100,12.4100,12.1800,12.2500,12.4200,5794328,71190182.0000,-1.368761,LL,Down
2017-09-11,sh.600996,12.2700,12.3500,12.2100,12.3400,12.2500,4261931,52379332.0000,0.734695,HH,Up
2017-09-12,sh.600996,12.3500,12.3600,12.1800,12.1900,12.3400,5340184,65308897.0000,-1.215564,HL,Down
2017-09-13,sh.600996,12.1800,12.2600,12.1500,12.2300,12.1900,3331935,40643803.0000,0.328138,LH,Up
2017-09-14,sh.600996,12.2200,12.2400,12.1100,12.1500,12.2300,3547211,43176197.0000,-0.654129,LL,Down
2017-09-15,sh.600996,12.1500,12.1800,12.0800,12.0900,12.1500,3252500,39442230.0000,-0.493823,SL,Down
2017-09-18,sh.600996,12.1000,12.1400,12.0300,12.0700,12.0900,3289311,39710469.0000,-0.165430,HL,Down
2017-09-19,sh.600996,12.0700,12.2400,12.0700,12.1800,12.0700,4468414,54334816.0000,0.911356,SH,Up
2017-09-20,sh.600996,12.1900,12.2500,12.1600,12.2400,12.1800,3704295,45233119.0000,0.492607,HH,Up
2017-09-21,sh.600996,12.2700,12.2700,12.0700,12.0800,12.2400,3245475,39554602.0000,-1.307188,HL,Down
2017-09-22,sh.600996,12.0700,12.1300,11.9600,12.0400,12.0800,2873239,34589199.0000,-0.331126,LL,Down
2017-09-25,sh.600996,12.0300,12.2000,12.0300,12.1000,12.0400,3755945,45591481.0000,0.498342,LH,Up
2017-09-26,sh.600996,12.1600,12.5500,12.1200,12.5400,12.1000,17091591,212439500.0000,3.636360,HH,Up
2017-09-27,sh.600996,12.5400,12.5400,12.3600,12.4200,12.5400,7981101,99124939.0000,-0.956937,SL,Down
2017-09-28,sh.600996,12.4500,12.5300,12.2800,12.3000,12.4200,6797258,84221123.0000,-0.966183,HL,Down
2017-09-29,sh.600996,12.2800,12.4300,12.2800,12.3500,12.3000,4919718,60702625.0000,0.406506,LH,Up
2017-10-09,sh.600996,12.4700,12.6200,12.3900,12.5900,12.3500,8615116,107843393.0000,1.943318,HH,Up
2017-10-10,sh.600996,12.6000,12.6300,12.4800,12.6300,12.5900,6855987,86079119.0000,0.317712,HH,Up
2017-10-11,sh.600996,12.6400,12.6600,12.4000,12.4200,12.6300,5919857,73995437.0000,-1.662708,HL,Down
2017-10-12,sh.600996,12.3400,12.6100,12.3400,12.6000,12.4200,6398885,79894042.0000,1.449278,LH,Up
2017-10-13,sh.600996,12.5500,12.8500,12.5300,12.8300,12.6000,11271575,143559013.0000,1.825393,LH,Up
2017-10-16,sh.600996,12.8500,12.8800,12.3400,12.3500,12.8300,9341800,117431506.0000,-3.741228,HL,Down
2017-10-17,sh.600996,12.3000,12.4100,12.2300,12.3300,12.3500,4189300,51587531.0000,-0.161947,LH,Down
2017-10-18,sh.600996,12.3400,12.4200,12.0400,12.0700,12.3300,5602408,68402421.0000,-2.108680,HL,Down
2017-10-19,sh.600996,12.0700,12.2300,11.8000,11.8100,12.0700,5091475,61190026.0000,-2.154095,SL,Down
2017-10-20,sh.600996,11.8200,11.9200,11.8100,11.8900,11.8100,2915985,34604159.0000,0.677391,HH,Up
2017-10-23,sh.600996,11.9200,11.9600,11.8600,11.9500,11.8900,2199700,26190071.0000,0.504621,HH,Up
2017-10-24,sh.600996,11.9000,11.9300,11.7300,11.8100,11.9500,3207800,37980089.0000,-1.171543,LL,Down
2017-10-25,sh.600996,11.8200,11.9900,11.8200,11.9300,11.8100,2818275,33594439.0000,1.016087,HH,Up
2017-10-26,sh.600996,11.9300,12.0600,11.8500,12.0300,11.9300,2971800,35559186.0000,0.838218,SH,Up
2017-10-27,sh.600996,11.9700,11.9700,11.8000,11.8500,12.0300,3927100,46516421.0000,-1.496254,LL,Down
2017-10-30,sh.600996,11.7900,11.8400,11.2100,11.2600,11.8500,5871681,66895492.0000,-4.978904,LL,Down
2017-10-31,sh.600996,11.2800,11.3700,11.2600,11.3600,11.2600,2056503,23273670.0000,0.888094,HH,Up
2017-11-01,sh.600996,11.3600,11.4100,11.2700,11.3500,11.3600,2497798,28306823.0000,-0.088022,SL,Down
2017-11-02,sh.600996,11.3000,11.3600,11.1200,11.1300,11.3500,2943425,32948240.0000,-1.938328,LL,Down
2017-11-03,sh.600996,11.0800,11.2700,11.0000,11.0900,11.1300,2870117,31875123.0000,-0.359389,LH,Down
2017-11-06,sh.600996,11.1000,11.2300,11.0600,11.2100,11.0900,2294600,25574965.0000,1.082055,HH,Up
2017-11-07,sh.600996,11.2200,11.2800,11.1200,11.2800,11.2100,2351292,26318899.0000,0.624440,HH,Up
2017-11-08,sh.600996,11.2800,11.5500,11.2200,11.4000,11.2800,3802836,43319994.0000,1.063829,SH,Up
2017-11-09,sh.600996,11.3300,11.4500,11.3100,11.4000,11.4000,2070646,23539110.0000,0.000000,LH,Smooth
2017-11-10,sh.600996,11.3900,11.4000,11.2600,11.2700,11.4000,2932924,33124706.0000,-1.140344,LL,Down
2017-11-13,sh.600996,11.2700,11.3500,11.1800,11.2000,11.2700,2993781,33612372.0000,-0.621124,SL,Down
2017-11-14,sh.600996,11.2100,11.2600,11.0700,11.1500,11.2000,2586500,28877411.0000,-0.446430,HL,Down
2017-11-15,sh.600996,11.1500,11.2300,11.0600,11.1100,11.1500,1772300,19723126.0000,-0.358744,SL,Down
2017-11-16,sh.600996,11.1000,11.1600,11.0500,11.0800,11.1100,1799852,19993081.0000,-0.270025,LL,Down
2017-11-17,sh.600996,11.0800,11.0800,10.6400,10.6800,11.0800,4686000,50554151.0000,-3.610105,SL,Down
2017-11-20,sh.600996,10.7300,10.7300,10.4300,10.5600,10.6800,2947375,30984424.0000,-1.123594,HL,Down
2017-11-21,sh.600996,10.5600,10.6200,10.4700,10.5600,10.5600,2022557,21346070.0000,0.000000,SS,Smooth
2017-11-22,sh.600996,10.5600,10.6300,10.4600,10.5300,10.5600,1974162,20811320.0000,-0.284097,SL,Down
2017-11-23,sh.600996,10.5100,10.6100,10.3500,10.3600,10.5300,2149022,22560772.0000,-1.614436,LL,Down
2017-11-24,sh.600996,10.2800,10.3600,10.2200,10.3000,10.3600,1766725,18207054.0000,-0.579145,LH,Down
2017-11-27,sh.600996,10.2900,10.3500,10.0800,10.0900,10.3000,2056906,20949408.0000,-2.038835,LL,Down
2017-11-28,sh.600996,10.1500,10.2200,10.0900,10.2200,10.0900,1587297,16107461.0000,1.288405,HH,Up
2017-11-29,sh.600996,10.2200,10.2200,10.0600,10.1200,10.2200,2335630,23629661.0000,-0.978477,SL,Down
2017-11-30,sh.600996,10.0900,10.1900,10.0900,10.1100,10.1200,1653754,16770311.0000,-0.098816,LH,Down
2017-12-01,sh.600996,10.1100,10.2400,10.0900,10.2400,10.1100,1968487,20027680.0000,1.285857,SH,Up
2017-12-04,sh.600996,10.1900,10.2200,10.0700,10.0900,10.2400,1880618,19047330.0000,-1.464840,LL,Down
2017-12-05,sh.600996,10.1000,10.1100,9.5500,9.6000,10.0900,4336752,42579626.0000,-4.856291,HL,Down
2017-12-06,sh.600996,9.4100,9.7000,9.4100,9.6900,9.6000,2389551,22884093.0000,0.937492,LH,Up
2017-12-07,sh.600996,9.6800,9.7400,9.5800,9.6700,9.6900,1772599,17118769.0000,-0.206393,LL,Down
2017-12-08,sh.600996,9.6500,9.8700,9.6500,9.8100,9.6700,2083613,20351445.0000,1.447780,LH,Up
2017-12-11,sh.600996,10.0500,10.2800,10.0200,10.1100,9.8100,4768525,48518109.0000,3.058096,HH,Up
2017-12-12,sh.600996,10.0000,10.0200,9.8700,9.8800,10.1100,2411300,23945117.0000,-2.274971,LL,Down
2017-12-13,sh.600996,9.8500,9.9600,9.7900,9.9100,9.8800,1628099,16092387.0000,0.303641,LH,Up
2017-12-14,sh.600996,9.8700,9.9100,9.7300,9.8100,9.9100,2009231,19664657.0000,-1.009076,LL,Down
2017-12-15,sh.600996,9.7700,9.8100,9.7100,9.7900,9.8100,1443600,14099369.0000,-0.203878,LH,Down
2017-12-18,sh.600996,9.8000,9.8600,9.6500,9.6700,9.7900,1403433,13659152.0000,-1.225739,HL,Down
2017-12-19,sh.600996,9.7300,9.8100,9.6700,9.7900,9.6700,1563964,15261934.0000,1.240950,HH,Up
2017-12-20,sh.600996,9.7600,9.7700,9.6100,9.6200,9.7900,1351300,13072646.0000,-1.736467,LL,Down
2017-12-21,sh.600996,9.6700,9.7000,9.4000,9.6100,9.6200,1657466,15881183.0000,-0.103953,HL,Down
2017-12-22,sh.600996,9.6400,9.7000,9.5300,9.6000,9.6100,1272966,12222151.0000,-0.104051,HL,Down
2017-12-25,sh.600996,9.5700,9.5900,9.4000,9.4300,9.6000,1869000,17660404.0000,-1.770834,LL,Down
2017-12-26,sh.600996,9.4000,9.8500,9.4000,9.7900,9.4300,4991794,48503492.0000,3.817600,LH,Up
2017-12-27,sh.600996,9.7500,9.8100,9.6500,9.6800,9.7900,3047011,29622120.0000,-1.123592,LL,Down
2017-12-28,sh.600996,9.6800,10.5900,9.5600,10.0300,9.6800,8300592,84422073.0000,3.615696,SH,Up
2017-12-29,sh.600996,10.0100,10.0300,9.7400,9.9000,10.0300,6203966,61015666.0000,-1.296113,LL,Down
2018-01-02,sh.600996,9.9200,10.0400,9.8100,10.0100,9.9000,3595266,35682300.0000,1.111117,HH,Up
2018-01-03,sh.600996,9.9600,10.0700,9.9400,10.0200,10.0100,3119351,31210594.0000,0.099902,LH,Up
2018-01-04,sh.600996,10.0200,10.1100,9.9100,9.9500,10.0200,3666186,36729129.0000,-0.698609,SL,Down
2018-01-05,sh.600996,9.9500,9.9700,9.9100,9.9400,9.9500,2237900,22268779.0000,-0.100505,SL,Down
2018-01-08,sh.600996,9.9100,10.0900,9.8800,10.0900,9.9400,3188941,31848513.0000,1.509060,LH,Up
2018-01-09,sh.600996,10.0900,10.0900,9.9300,9.9700,10.0900,2747287,27416207.0000,-1.189295,SL,Down
2018-01-10,sh.600996,9.9700,9.9800,9.8500,9.8800,9.9700,2408600,23844378.0000,-0.902710,SL,Down
2018-01-11,sh.600996,9.8500,10.0400,9.8300,10.0000,9.8800,2780149,27671293.0000,1.214574,LH,Up
2018-01-12,sh.600996,10.0000,10.0300,9.8800,9.9000,10.0000,1973000,19596363.0000,-1.000004,SL,Down
2018-01-15,sh.600996,9.8800,9.8800,9.5500,9.5700,9.9000,3096474,29903227.0000,-3.333333,LL,Down
2018-01-16,sh.600996,9.5700,9.6800,9.5500,9.6500,9.5700,1749300,16850949.0000,0.835945,SH,Up
2018-01-17,sh.600996,9.6500,9.8600,9.5600,9.8300,9.6500,3666618,35635033.0000,1.865288,SH,Up
2018-01-18,sh.600996,9.9700,9.9700,9.8100,9.9100,9.8300,2577267,25492248.0000,0.813835,HL,Up
2018-01-19,sh.600996,9.9300,10.9000,9.8300,10.3000,9.9100,11970864,125242625.0000,3.935422,HH,Up
2018-01-22,sh.600996,10.4100,10.6300,10.3000,10.4900,10.3000,10136486,106273726.0000,1.844656,HH,Up
2018-01-23,sh.600996,10.4800,10.4800,10.2200,10.3200,10.4900,5309609,54627577.0000,-1.620592,LL,Down
2018-01-24,sh.600996,10.3000,10.4100,10.2000,10.3700,10.3200,4742145,48918908.0000,0.484498,LH,Up
2018-01-25,sh.600996,10.3700,10.4700,10.2200,10.3100,10.3700,4364446,45157527.0000,-0.578587,SL,Down
2018-01-26,sh.600996,10.2200,10.3000,10.1800,10.2100,10.3100,2927100,29953441.0000,-0.969936,LL,Down
2018-01-29,sh.600996,10.2000,10.2600,10.0400,10.0600,10.2100,2955265,29976556.0000,-1.469144,LL,Down
2018-01-30,sh.600996,10.0200,10.1500,10.0100,10.1200,10.0600,2021311,20376657.0000,0.596416,LH,Up
2018-01-31,sh.600996,10.0200,10.1400,9.9100,9.9200,10.1200,3448818,34486698.0000,-1.976283,LL,Down
2018-02-01,sh.600996,9.9200,10.9100,9.8800,10.5100,9.9200,27549527,294496226.0000,5.947582,SH,Up
2018-02-02,sh.600996,10.6300,10.6300,9.4800,10.0900,10.5100,14965928,151494597.0000,-3.996195,HL,Down
2018-02-05,sh.600996,9.7200,10.0500,9.6600,9.8900,10.0900,7645929,75492404.0000,-1.982159,LH,Down
2018-02-06,sh.600996,9.6200,9.8000,9.0200,9.0600,9.8900,9526649,89400738.0000,-8.392315,LL,Down
2018-02-07,sh.600996,9.2800,9.3200,8.9000,9.0900,9.0600,4523139,41212881.0000,0.331123,HL,Up
2018-02-08,sh.600996,9.1500,9.2800,9.0000,9.2100,9.0900,2895211,26542350.0000,1.320131,HH,Up
2018-02-09,sh.600996,9.0300,9.1400,8.8600,8.9700,9.2100,3967900,35696881.0000,-2.605861,LL,Down
2018-02-12,sh.600996,9.0000,9.2500,9.0000,9.2000,8.9700,2538262,23199966.0000,2.564097,HH,Up
2018-02-13,sh.600996,9.2500,9.2600,9.1700,9.1700,9.2000,2261151,20815496.0000,-0.326084,HL,Down
2018-02-14,sh.600996,9.2000,9.2100,9.1100,9.1600,9.1700,1239124,11356986.0000,-0.109054,HL,Down
2018-02-22,sh.600996,9.2600,9.3200,9.1900,9.2700,9.1600,1770300,16386054.0000,1.200880,HH,Up
2018-02-23,sh.600996,9.2700,9.3200,9.1400,9.2400,9.2700,2065000,19044048.0000,-0.323632,SL,Down
2018-02-26,sh.600996,9.3000,9.4800,9.2500,9.4300,9.2400,3084100,28894499.0000,2.056283,HH,Up
2018-02-27,sh.600996,9.4200,9.4600,9.3300,9.4500,9.4300,2849120,26774549.0000,0.212084,LH,Up
2018-02-28,sh.600996,9.3800,9.4000,9.2600,9.3600,9.4500,2195770,20520597.0000,-0.952383,LL,Down
2018-03-01,sh.600996,9.3000,9.5200,9.2800,9.5000,9.3600,3517470,33143511.0000,1.495730,LH,Up
2018-03-02,sh.600996,9.4600,9.8000,9.4000,9.6500,9.5000,6281359,60351857.0000,1.578943,LH,Up
2018-03-05,sh.600996,9.5500,9.6200,9.5000,9.5800,9.6500,3174249,30313286.0000,-0.725385,LH,Down
2018-03-06,sh.600996,9.6100,9.6400,9.5200,9.6300,9.5800,3013200,28857151.0000,0.521923,HH,Up
2018-03-07,sh.600996,9.6300,9.6300,9.4800,9.4900,9.6300,2193900,20956890.0000,-1.453794,SL,Down
2018-03-08,sh.600996,9.4900,9.5800,9.4200,9.5500,9.4900,2722445,25871285.0000,0.632249,SH,Up
2018-03-09,sh.600996,9.5500,9.7800,9.5300,9.7100,9.5500,4987227,48295791.0000,1.675391,SH,Up
2018-03-12,sh.600996,9.7800,10.0500,9.6800,9.9000,9.7100,5750399,56881363.0000,1.956741,HH,Up
2018-03-13,sh.600996,9.9300,9.9300,9.7700,9.8200,9.9000,3047756,29941264.0000,-0.808080,HL,Down
2018-03-14,sh.600996,9.7500,9.8300,9.6700,9.7100,9.8200,2558700,24946866.0000,-1.120160,LL,Down
2018-03-15,sh.600996,9.7100,9.7100,9.4500,9.5700,9.7100,3853705,36834858.0000,-1.441816,SL,Down
2018-03-16,sh.600996,9.5600,9.6400,9.4600,9.5900,9.5700,2085300,19996294.0000,0.208991,LH,Up
2018-03-19,sh.600996,9.5900,9.6200,9.4900,9.5500,9.5900,1875800,17912569.0000,-0.417101,SL,Down
2018-03-20,sh.600996,9.5600,9.5600,9.2700,9.4700,9.5500,3284984,30835960.0000,-0.837696,HL,Down
2018-03-21,sh.600996,9.4600,9.5300,9.3400,9.3700,9.4700,3027809,28636438.0000,-1.055970,LL,Down
2018-03-22,sh.600996,9.3300,9.4300,9.3100,9.3600,9.3700,2140473,20051037.0000,-0.106726,LH,Down
2018-03-23,sh.600996,9.1800,9.1800,8.6800,8.8100,9.3600,5605818,50298790.0000,-5.876060,LL,Down
2018-03-26,sh.600996,8.7100,8.9600,8.7100,8.9500,8.8100,2531764,22383382.0000,1.589096,LH,Up
2018-03-27,sh.600996,9.0000,9.1200,8.9600,9.0900,8.9500,3253300,29457071.0000,1.564250,HH,Up
2018-03-28,sh.600996,9.0200,9.0800,8.9500,8.9800,9.0900,2553200,23017082.0000,-1.210128,LL,Down
2018-03-29,sh.600996,9.0800,9.1400,9.0100,9.1300,8.9800,2540741,23055316.0000,1.670385,HH,Up
2018-03-30,sh.600996,9.1600,9.1900,9.0800,9.1500,9.1300,2746100,25084646.0000,0.219053,HL,Up
2018-04-02,sh.600996,9.1300,9.2600,9.1000,9.1700,9.1500,2522545,23182147.0000,0.218584,LH,Up
2018-04-03,sh.600996,9.1000,9.1000,8.9800,9.0200,9.1700,2674611,24123830.0000,-1.635765,LL,Down
2018-04-04,sh.600996,9.0600,9.1300,8.9900,9.0000,9.0200,2091174,18975298.0000,-0.221735,HL,Down
2018-04-09,sh.600996,8.9100,9.0500,8.8500,8.9700,9.0000,1898622,17003495.0000,-0.333330,LH,Down
2018-04-10,sh.600996,9.0100,9.0900,8.9100,9.0800,8.9700,2728057,24565074.0000,1.226306,HH,Up
2018-04-11,sh.600996,9.0900,9.3500,9.0800,9.2800,9.0800,5736232,53053030.0000,2.202641,HH,Up
2018-04-12,sh.600996,9.2600,9.3000,9.1500,9.1900,9.2800,3121400,28737022.0000,-0.969829,LL,Down
2018-04-13,sh.600996,9.2300,9.3400,9.2300,9.2500,9.1900,3249326,30133890.0000,0.652888,HH,Up
2018-04-16,sh.600996,9.2300,9.2300,9.0600,9.1600,9.2500,2458293,22435590.0000,-0.972975,LL,Down
2018-04-17,sh.600996,9.2000,9.2500,8.9900,9.0200,9.1600,3388509,31014130.0000,-1.528378,HL,Down
2018-04-18,sh.600996,9.0900,9.2000,8.8600,9.1600,9.0200,3396479,30825598.0000,1.552100,HH,Up
2018-04-19,sh.600996,9.1200,9.2900,9.1000,9.1800,9.1600,3086870,28461281.0000,0.218346,LH,Up
2018-04-20,sh.600996,9.1500,9.2500,8.9300,8.9800,9.1800,3091570,28055900.0000,-2.178658,LL,Down
2018-04-23,sh.600996,8.9800,9.1200,8.9300,9.0500,8.9800,1931152,17411971.0000,0.779517,SH,Up
2018-04-24,sh.600996,9.0500,9.2000,9.0000,9.2000,9.0500,2946293,26973458.0000,1.657454,SH,Up
2018-04-25,sh.600996,9.1800,9.2600,9.1200,9.2300,9.2000,2761414,25382747.0000,0.326084,LH,Up
2018-04-26,sh.600996,9.2300,9.2700,8.9700,9.0000,9.2300,2827370,25674861.0000,-2.491869,SL,Down
2018-04-27,sh.600996,9.0100,9.1000,8.9700,9.0500,9.0000,1828000,16506408.0000,0.555558,HH,Up
2018-05-02,sh.600996,9.1200,9.1200,8.8300,8.9000,9.0500,2399372,21466511.0000,-1.657465,HL,Down
2018-05-03,sh.600996,8.8800,8.9800,8.7900,8.9400,8.9000,2646693,23475313.0000,0.449438,LH,Up
2018-05-04,sh.600996,8.9100,8.9600,8.8200,8.8500,8.9400,2034107,18078003.0000,-1.006703,LL,Down
2018-05-07,sh.600996,8.9100,9.0700,8.8400,9.0000,8.8500,2848369,25607324.0000,1.694911,HH,Up
2018-05-08,sh.600996,8.9500,9.0400,8.9500,9.0400,9.0000,2272453,20475546.0000,0.444444,LH,Up
2018-05-09,sh.600996,9.0500,9.0600,8.9500,9.0000,9.0400,2163100,19433973.0000,-0.442478,HL,Down
2018-05-10,sh.600996,9.0500,9.0900,9.0000,9.0700,9.0000,2468910,22304094.0000,0.777774,HH,Up
2018-05-11,sh.600996,9.0800,9.2900,9.0700,9.1200,9.0700,6762388,62168222.0000,0.551270,HH,Up
2018-05-14,sh.600996,9.1600,9.1900,9.0200,9.0500,9.1200,2749800,24969865.0000,-0.767540,HL,Down
2018-05-15,sh.600996,9.0700,9.1100,8.9500,9.1000,9.0500,3365600,30404966.0000,0.552488,HH,Up
2018-05-16,sh.600996,9.0700,9.0800,8.9900,9.0500,9.1000,2082200,18815932.0000,-0.549453,LL,Down
2018-05-17,sh.600996,9.0600,9.0700,9.0000,9.0200,9.0500,1652642,14912651.0000,-0.331489,HL,Down
2018-05-18,sh.600996,9.0500,9.0600,8.9400,9.0400,9.0200,2092600,18823489.0000,0.221724,HL,Up
2018-05-21,sh.600996,9.0600,9.2200,9.0500,9.1900,9.0400,6125711,56105059.0000,1.659288,HH,Up
2018-05-22,sh.600996,9.5000,9.7900,9.4200,9.4400,9.1900,17709333,169037005.0000,2.720348,HL,Up
2018-05-23,sh.600996,9.6000,10.3800,9.5000,10.1300,9.4400,41696381,423336327.0000,7.309328,HH,Up
2018-05-24,sh.600996,9.7800,9.8300,9.5100,9.7300,10.1300,26777100,259031621.0000,-3.948673,LL,Down
2018-05-25,sh.600996,9.6900,10.0800,9.6100,9.8300,9.7300,19327896,191668093.0000,1.027753,LH,Up
2018-05-28,sh.600996,9.9900,10.3500,9.5400,9.6100,9.8300,17141716,169434964.0000,-2.238050,HL,Down
2018-05-29,sh.600996,9.6500,9.6900,9.3000,9.3400,9.6100,11397888,107055043.0000,-2.809568,HL,Down
2018-05-30,sh.600996,9.2300,9.2300,8.8200,8.8400,9.3400,10674536,96568714.0000,-5.353319,LL,Down
2018-05-31,sh.600996,8.9300,8.9900,8.8400,8.9500,8.8400,5654985,50394002.0000,1.244340,HH,Up
2018-06-01,sh.600996,8.9000,8.9600,8.7300,8.7900,8.9500,5590294,49353621.0000,-1.787708,LL,Down
2018-06-04,sh.600996,8.8300,8.9000,8.8100,8.8500,8.7900,2723000,24130107.0000,0.682599,HH,Up
2018-06-05,sh.600996,8.8400,8.9600,8.8000,8.9500,8.8500,3843372,34162844.0000,1.129937,LH,Up
2018-06-06,sh.600996,8.9100,8.9700,8.8800,8.9500,8.9500,3171387,28309067.0000,0.000000,LH,Smooth
2018-06-07,sh.600996,8.9800,9.0100,8.8400,8.8500,8.9500,2976098,26458842.0000,-1.117312,HL,Down
2018-06-08,sh.600996,8.8700,8.8800,8.5300,8.6600,8.8500,5184399,44944399.0000,-2.146899,HL,Down
2018-06-11,sh.600996,8.6300,8.7800,8.5300,8.7200,8.6600,2846015,24687497.0000,0.692846,LH,Up
2018-06-12,sh.600996,8.6900,8.7300,8.5600,8.6900,8.7200,2064816,17876731.0000,-0.344045,LS,Down
2018-06-13,sh.600996,8.6900,8.6900,8.4800,8.5000,8.6900,2719257,23300872.0000,-2.186416,SL,Down
2018-06-14,sh.600996,8.5000,8.5500,8.4100,8.4600,8.5000,1825690,15470038.0000,-0.470588,SL,Down
2018-06-15,sh.600996,8.4700,8.5200,8.1100,8.2000,8.4600,3275381,27081640.0000,-3.073289,HL,Down
2018-06-19,sh.600996,8.1600,8.1600,7.3800,7.4100,8.2000,5896717,45051954.0000,-9.634146,LL,Down
2018-06-20,sh.600996,7.4000,7.5600,7.3000,7.4400,7.4100,2769311,20632012.0000,0.404861,LH,Up
2018-06-21,sh.600996,7.4500,7.5200,7.2000,7.2100,7.4400,2598781,19129136.0000,-3.091398,HL,Down
2018-06-22,sh.600996,7.1200,7.3400,7.1100,7.3100,7.2100,1777269,12904434.0000,1.386961,LH,Up
2018-06-25,sh.600996,7.4700,7.4700,7.2100,7.2700,7.3100,1465918,10768082.0000,-0.547195,HL,Down
2018-06-26,sh.600996,7.1300,7.3700,7.1300,7.3500,7.2700,1521471,11099969.0000,1.100412,LH,Up
2018-06-27,sh.600996,7.3800,7.3900,7.2400,7.2900,7.3500,1645400,12033781.0000,-0.816326,HL,Down
2018-06-28,sh.600996,7.3000,7.3400,7.2100,7.2300,7.2900,1600241,11651750.0000,-0.823044,HL,Down
2018-06-29,sh.600996,7.2200,7.4500,7.2000,7.4200,7.2300,2347100,17218505.0000,2.627940,LH,Up
2018-07-02,sh.600996,7.4100,7.4300,7.2800,7.3200,7.4200,2258300,16616432.0000,-1.347708,LL,Down
2018-07-03,sh.600996,7.2900,7.4500,7.2800,7.4300,7.3200,2181946,16078378.0000,1.502728,LH,Up
2018-07-04,sh.600996,7.4000,7.4100,7.3300,7.3600,7.4300,1671853,12315830.0000,-0.942122,LL,Down
2018-07-05,sh.600996,7.3100,7.4100,7.2000,7.2000,7.3600,1627035,11923388.0000,-2.173917,LL,Down
2018-07-06,sh.600996,7.2100,7.3000,7.0300,7.1700,7.2000,2096897,15086290.0000,-0.416663,HL,Down
2018-07-09,sh.600996,7.2000,7.4000,7.2000,7.4000,7.1700,1828660,13382773.0000,3.207811,HH,Up
2018-07-10,sh.600996,7.3800,7.4400,7.3000,7.4300,7.4000,2025694,14909555.0000,0.405402,LH,Up
2018-07-11,sh.600996,7.2900,7.2900,7.0300,7.1400,7.3000,1913822,13646781.0000,-2.191785,LL,Down
2018-07-12,sh.600996,7.1000,7.3500,7.0900,7.3000,7.1400,2145722,15573321.0000,2.240901,LH,Up
2018-07-13,sh.600996,7.3000,7.3400,7.1700,7.2800,7.3000,1463800,10621915.0000,-0.273972,SL,Down
2018-07-16,sh.600996,7.2900,7.3000,7.1600,7.2100,7.2800,1570500,11314312.0000,-0.961541,HL,Down
2018-07-17,sh.600996,7.3100,7.5700,7.3100,7.4300,7.2100,4442017,33078639.0000,3.051315,HH,Up
2018-07-18,sh.600996,7.3500,7.4400,7.3000,7.3500,7.4300,2502782,18462360.0000,-1.076715,LS,Down
2018-07-19,sh.600996,7.3000,7.3500,7.2100,7.2300,7.3500,1727304,12544194.0000,-1.632651,LL,Down
2018-07-20,sh.600996,7.1800,7.3400,7.1800,7.3200,7.2300,1474813,10731950.0000,1.244815,LH,Up
2018-07-23,sh.600996,7.2600,7.4300,7.2600,7.4200,7.3200,1797342,13199670.0000,1.366119,LH,Up
2018-07-24,sh.600996,7.4100,7.5400,7.3700,7.5300,7.4200,3240400,24301742.0000,1.482482,LH,Up
2018-07-25,sh.600996,7.5500,7.5800,7.4800,7.5500,7.5300,2389151,17939678.0000,0.265604,HS,Up
2018-07-26,sh.600996,7.5600,7.6800,7.5000,7.5800,7.5500,3429051,25973260.0000,0.397347,HH,Up
2018-07-27,sh.600996,7.5800,7.5800,7.4700,7.5300,7.5800,1791000,13455349.0000,-0.659627,SL,Down
2018-07-30,sh.600996,7.4800,7.5600,7.4000,7.4500,7.5300,1819664,13593435.0000,-1.062422,LL,Down
2018-07-31,sh.600996,7.5000,7.5000,7.3900,7.4800,7.4500,1022094,7634718.0000,0.402687,HL,Up
2018-08-01,sh.600996,7.4700,7.5900,7.4100,7.4400,7.4800,2300794,17291741.0000,-0.534759,LL,Down
2018-08-02,sh.600996,7.4300,7.4300,6.9800,7.1400,7.4400,2676504,19153121.0000,-4.032260,LL,Down
2018-08-03,sh.600996,7.1400,7.1800,7.0700,7.1100,7.1400,1600504,11409912.0000,-0.420164,SL,Down
2018-08-06,sh.600996,7.1000,7.1200,6.8900,6.9300,7.1100,2004664,14040465.0000,-2.531650,LL,Down
2018-08-07,sh.600996,6.9400,7.1600,6.9400,7.1300,6.9300,1446800,10221206.0000,2.886007,HH,Up
2018-08-08,sh.600996,7.1400,7.1700,7.0700,7.0700,7.1300,1674300,11925507.0000,-0.841514,HL,Down
2018-08-09,sh.600996,7.0700,7.2300,6.9600,7.1900,7.0700,2011000,14375753.0000,1.697311,SH,Up
2018-08-10,sh.600996,7.1800,7.2500,7.1400,7.2000,7.1900,1288700,9254663.0000,0.139079,LH,Up
2018-08-13,sh.600996,7.1200,7.2500,7.0600,7.2400,7.2000,1468285,10506324.0000,0.555555,LH,Up
2018-08-14,sh.600996,7.2000,7.2600,7.1500,7.2000,7.2400,1058094,7621760.0000,-0.552486,LS,Down
2018-08-15,sh.600996,7.1700,7.2400,7.0900,7.1100,7.2000,1053000,7543552.0000,-1.249996,LL,Down
2018-08-16,sh.600996,7.1000,7.1200,7.0000,7.0400,7.1100,1348000,9513891.0000,-0.984531,LL,Down
2018-08-17,sh.600996,7.0900,7.1100,6.9000,6.9300,7.0400,1277400,8972471.0000,-1.562502,HL,Down
2018-08-20,sh.600996,7.0000,7.1000,6.8900,7.1000,6.9300,1348082,9404468.0000,2.453104,HH,Up
2018-08-21,sh.600996,7.1000,7.1400,7.0500,7.1100,7.1000,1366737,9705289.0000,0.140848,SH,Up
2018-08-22,sh.600996,7.0800,7.1000,7.0200,7.0200,7.1100,802435,5661658.0000,-1.265825,LL,Down
2018-08-23,sh.600996,7.0100,7.6800,7.0000,7.4400,7.0200,4841831,35583532.0000,5.982907,LH,Up
2018-08-24,sh.600996,7.3400,7.4700,7.2600,7.3800,7.4400,3383482,24915517.0000,-0.806451,LH,Down
2018-08-27,sh.600996,7.3200,7.4400,7.2800,7.4100,7.3800,2615073,19283150.0000,0.406500,LH,Up
2018-08-28,sh.600996,7.4000,7.4000,7.3300,7.3600,7.4100,1454328,10701856.0000,-0.674760,LL,Down
2018-08-29,sh.600996,7.3600,7.3600,7.2200,7.2400,7.3600,1402000,10213825.0000,-1.630440,SL,Down
2018-08-30,sh.600996,7.2200,7.3300,7.1800,7.1800,7.2400,1309174,9483784.0000,-0.828729,LL,Down
2018-08-31,sh.600996,7.2400,7.2400,7.1400,7.1500,7.1800,1135296,8165425.0000,-0.417824,HL,Down
2018-09-03,sh.600996,7.0800,7.1800,6.9700,7.1500,7.1500,1661045,11753749.0000,0.000000,LH,Smooth
2018-09-04,sh.600996,7.1000,7.2200,7.0800,7.1800,7.1500,1480000,10616098.0000,0.419577,LH,Up
2018-09-05,sh.600996,7.1100,7.3200,7.0800,7.0900,7.1800,1615646,11630941.0000,-1.253477,LL,Down
2018-09-06,sh.600996,7.0600,7.1500,7.0100,7.0500,7.0900,1126817,7975281.0000,-0.564174,LL,Down
2018-09-07,sh.600996,7.0300,7.1700,7.0300,7.0900,7.0500,1217200,8646383.0000,0.567375,LH,Up
2018-09-10,sh.600996,7.0900,7.1900,7.0300,7.1700,7.0900,1985541,14169848.0000,1.128349,SH,Up
2018-09-11,sh.600996,7.1400,7.2300,7.1000,7.1100,7.1700,1319143,9440224.0000,-0.836819,LL,Down
2018-09-12,sh.600996,7.0900,7.1500,7.0800,7.1200,7.1100,979317,6970606.0000,0.140644,LH,Up
2018-09-13,sh.600996,7.1400,7.2200,7.1200,7.2100,7.1200,1227700,8803202.0000,1.264047,HH,Up
2018-09-14,sh.600996,7.2100,7.2200,7.1200,7.1300,7.2100,1181515,8471034.0000,-1.109569,SL,Down
2018-09-17,sh.600996,7.1300,7.1300,7.0200,7.0500,7.1300,911157,6436803.0000,-1.122018,SL,Down
2018-09-18,sh.600996,7.0200,7.1700,7.0000,7.1600,7.0500,1456100,10307725.0000,1.560279,LH,Up
2018-09-19,sh.600996,7.1700,7.2200,7.1100,7.1800,7.1600,1535717,11026879.0000,0.279329,HH,Up
2018-09-20,sh.600996,7.2100,7.2200,7.1500,7.1700,7.1800,972658,6982020.0000,-0.139272,HL,Down
2018-09-21,sh.600996,7.2000,7.2300,7.1100,7.2000,7.1700,2349060,16890431.0000,0.418406,HS,Up
2018-09-25,sh.600996,7.1900,7.2300,7.1500,7.1800,7.2000,1009526,7254246.0000,-0.277778,LL,Down
2018-09-26,sh.600996,7.2000,7.2400,7.1500,7.1800,7.1800,1654500,11904789.0000,0.000000,HL,Smooth
2018-09-27,sh.600996,7.1900,7.1900,7.0600,7.0600,7.1800,1754264,12470500.0000,-1.671308,HL,Down
2018-09-28,sh.600996,7.0900,7.1400,7.0600,7.1000,7.0600,963132,6839344.0000,0.566572,HH,Up
2018-10-08,sh.600996,7.0800,7.0800,6.8600,6.8600,7.1000,2421349,16829197.0000,-3.380279,LL,Down
2018-10-09,sh.600996,6.8600,6.9500,6.8600,6.8900,6.8600,1108332,7656424.0000,0.437314,SH,Up
2018-10-10,sh.600996,6.8900,6.9500,6.8800,6.9400,6.8900,1102400,7618944.0000,0.725692,SH,Up
2018-10-11,sh.600996,6.7900,6.7900,6.2500,6.2500,6.9400,2909050,18711585.0000,-9.942364,LL,Down
2018-10-12,sh.600996,6.2000,6.2500,5.8000,6.0300,6.2500,2456653,14796338.0000,-3.519997,LL,Down
2018-10-15,sh.600996,6.0400,6.0800,5.9100,5.9200,6.0300,1470900,8829785.0000,-1.824214,HL,Down
2018-10-16,sh.600996,5.9900,6.0000,5.7900,5.8200,5.9200,994900,5857420.0000,-1.689188,HL,Down
2018-10-17,sh.600996,5.8800,5.9800,5.8200,5.8900,5.8200,1112875,6552745.0000,1.202744,HH,Up
2018-10-18,sh.600996,5.8500,5.9200,5.7100,5.7300,5.8900,1334193,7734054.0000,-2.716466,LL,Down
2018-10-19,sh.600996,5.7000,5.8700,5.6200,5.8700,5.7300,1041500,6040648.0000,2.443279,LH,Up
2018-10-22,sh.600996,5.9000,6.3400,5.9000,6.1800,5.8700,2940237,18045258.0000,5.281089,HH,Up
2018-10-23,sh.600996,6.1400,6.2200,6.0500,6.0800,6.1800,1233693,7546251.0000,-1.618122,LL,Down
2018-10-24,sh.600996,6.0800,6.1700,6.0500,6.0900,6.0800,1270900,7767194.0000,0.164477,SH,Up
2018-10-25,sh.600996,5.8600,6.1600,5.8600,6.1100,6.0900,1597844,9602137.0000,0.328407,LH,Up
2018-10-26,sh.600996,6.1300,6.2400,6.1300,6.1600,6.1100,1597580,9869702.0000,0.818326,HH,Up
2018-10-29,sh.600996,6.0900,6.2100,6.0800,6.1200,6.1600,1233417,7558465.0000,-0.649350,LH,Down
2018-10-30,sh.600996,6.0300,6.2400,6.0300,6.2100,6.1200,1750915,10819840.0000,1.470591,LH,Up
2018-10-31,sh.600996,6.2200,6.2600,6.1600,6.2200,6.2100,1970046,12258011.0000,0.161027,HS,Up
2018-11-01,sh.600996,6.2300,6.3500,6.2300,6.2400,6.2200,2534746,15937290.0000,0.321543,HH,Up
2018-11-02,sh.600996,6.3000,6.3900,6.2800,6.3600,6.2400,3121454,19819987.0000,1.923083,HH,Up
2018-11-05,sh.600996,6.3800,6.4500,6.3300,6.4100,6.3600,2240021,14305970.0000,0.786159,HH,Up
2018-11-06,sh.600996,6.3600,6.4400,6.3400,6.3800,6.4100,1563400,9966242.0000,-0.468014,LH,Down
2018-11-07,sh.600996,6.3900,6.4300,6.3500,6.4100,6.3800,2047690,13104293.0000,0.470215,HH,Up
2018-11-08,sh.600996,6.4400,6.4700,6.2600,6.2600,6.4100,2585000,16411840.0000,-2.340088,HL,Down
2018-11-09,sh.600996,6.2600,6.3900,6.2600,6.3400,6.2600,2358067,14949026.0000,1.277954,SH,Up
2018-11-12,sh.600996,6.3900,6.5000,6.3400,6.4900,6.3400,3571341,23012136.0000,2.365925,HH,Up
2018-11-13,sh.600996,6.4200,6.6600,6.4100,6.6500,6.4900,4878329,32175547.0000,2.465336,LH,Up
2018-11-14,sh.600996,6.6800,6.7000,6.5700,6.5800,6.6500,2815333,18635528.0000,-1.052634,HL,Down
2018-11-15,sh.600996,6.6200,6.7400,6.5700,6.7400,6.5800,3261577,21782851.0000,2.431609,HH,Up
2018-11-16,sh.600996,6.8300,6.8500,6.7200,6.7800,6.7400,3056554,20750702.0000,0.593478,HL,Up
2018-11-19,sh.600996,6.7000,6.8100,6.7000,6.7700,6.7800,2795965,18906716.0000,-0.147496,LH,Down
2018-11-20,sh.600996,6.7100,6.7700,6.5300,6.5500,6.7700,3663689,24285159.0000,-3.249628,LL,Down
2018-11-21,sh.600996,6.4900,6.5900,6.4600,6.5600,6.5500,2671960,17432861.0000,0.152668,LH,Up
2018-11-22,sh.600996,6.5700,6.7000,6.5700,6.6600,6.5600,3119900,20770474.0000,1.524389,HH,Up
2018-11-23,sh.600996,6.6700,6.6800,6.2700,6.2800,6.6600,3140598,20269726.0000,-5.705700,HL,Down
2018-11-26,sh.600996,6.3000,6.4000,6.2500,6.2900,6.2800,2206223,13936356.0000,0.159232,HL,Up
2018-11-27,sh.600996,6.3200,6.6200,6.3000,6.4500,6.2900,3878500,25114333.0000,2.543718,HH,Up
2018-11-28,sh.600996,6.5500,7.1000,6.4700,7.1000,6.4500,19058755,132189043.0000,10.077520,HH,Up
2018-11-29,sh.600996,7.8100,7.8100,7.0800,7.1100,7.1000,39871234,300465228.0000,0.140848,HL,Up
2018-11-30,sh.600996,6.7000,6.8500,6.4400,6.6800,7.1100,28074590,187915017.0000,-6.047824,LL,Down
2018-12-03,sh.600996,6.7500,7.1400,6.6600,6.9700,6.6800,19941828,137192642.0000,4.341317,HH,Up
2018-12-04,sh.600996,6.8800,6.9100,6.7300,6.8700,6.9700,12221147,83245104.0000,-1.434719,LL,Down
2018-12-05,sh.600996,6.6500,6.9700,6.6100,6.8200,6.8700,10043208,68051945.0000,-0.727798,LH,Down
2018-12-06,sh.600996,6.7200,6.8000,6.5600,6.5800,6.8200,7220037,48030125.0000,-3.519065,LL,Down
2018-12-07,sh.600996,6.5500,6.6400,6.4000,6.4400,6.5800,8484913,54883407.0000,-2.127658,LL,Down
2018-12-10,sh.600996,6.4100,6.4400,6.3200,6.3300,6.4400,3924392,24998112.0000,-1.708076,LL,Down
2018-12-11,sh.600996,6.3700,6.6400,6.3500,6.5200,6.3300,7841562,51098387.0000,3.001581,HH,Up
2018-12-12,sh.600996,6.5200,6.5400,6.4300,6.4600,6.5200,4503162,29180060.0000,-0.920245,SL,Down
2018-12-13,sh.600996,6.5100,6.5300,6.4200,6.4900,6.4600,3322900,21561545.0000,0.464392,HL,Up
2018-12-14,sh.600996,6.4600,6.5000,6.2200,6.2500,6.4900,4071072,25812781.0000,-3.697994,LL,Down
2018-12-17,sh.600996,6.2500,6.3400,6.1800,6.2500,6.2500,2191285,13672336.0000,0.000000,SS,Smooth
2018-12-18,sh.600996,6.2300,6.2800,6.0900,6.1400,6.2500,3265433,20107034.0000,-1.760002,LL,Down
2018-12-19,sh.600996,6.1700,6.1700,6.0200,6.0500,6.1400,2570301,15647085.0000,-1.465793,HL,Down
2018-12-20,sh.600996,6.0900,6.1500,6.0200,6.1000,6.0500,2773730,16853391.0000,0.826442,HH,Up
2018-12-21,sh.600996,6.1100,6.3000,6.0800,6.2100,6.1000,5547265,34386375.0000,1.803281,HH,Up
2018-12-24,sh.600996,6.1400,6.4800,6.1100,6.3600,6.2100,6163212,38939789.0000,2.415461,LH,Up
2018-12-25,sh.600996,6.2500,6.3400,6.0500,6.3000,6.3600,5870432,36398839.0000,-0.943395,LH,Down
2018-12-26,sh.600996,6.3000,6.7200,6.2400,6.4700,6.3000,10652700,69376329.0000,2.698406,SH,Up
2018-12-27,sh.600996,6.5000,6.6900,6.4100,6.4900,6.4700,9983994,65166543.0000,0.309119,HL,Up
2018-12-28,sh.600996,6.4500,6.5500,6.3500,6.3600,6.4900,5267510,33943642.0000,-2.003076,LL,Down
